OCID,CONTRACT_TITLE,CONTRACT_TYPE,PROCUREMENT_METHOD,BUYER_NAME,SUPPLIER_NAMES,CONTRACT_START_DATE,CONTRACT_END_DATE,CONTRACT_AMOUNT,CONTRACT_CURRENCY,Pa√≠s
14,Lamivudina 10mg/ml solucion oral,,"Fondo Mundial: Licitacion Internacional con productores genericos
Estado Boliviano: Fondo Estrategico OMS",Ministerio de Salud,CIPLA,15/12/2017,," 4.338,92 ",USD,Bolivia
15,Lamivudina 10mg/ml solucion oral,,"Fondo Mundial: Licitacion Internacional con productores genericos
Estado Boliviano: Fondo Estrategico OMS",Ministerio de Salud,MYLAN,10/02/2017,," 161,68 ",USD,Bolivia
51,Lamivudina 10mg/ml solucion oral,,"Fondo Mundial: Licitacion Internacional con productores genericos
Estado Boliviano: Fondo Estrategico OMS",Ministerio de Salud,MACLEODS,30/12/2018,," 43.005,04 ",USD,Bolivia
80,Lamivudina 10mg/ml solucion oral,,"Fondo Mundial: Licitacion Internacional con productores genericos
Estado Boliviano: Fondo Estrategico OMS",Ministerio de Salud,MACLEODS,10/01/2019,," 244,52 ",USD,Bolivia
16,Lamivudina 150mg,,"Fondo Mundial: Licitacion Internacional con productores genericos
Estado Boliviano: Fondo Estrategico OMS",Ministerio de Salud,AUROBINDO,18/07/2017,," 1.027,38 ",USD,Bolivia
17,Lamivudina 150mg,,"Fondo Mundial: Licitacion Internacional con productores genericos
Estado Boliviano: Fondo Estrategico OMS",Ministerio de Salud,CIPLA,13/11/2017,," 21.181,13 ",USD,Bolivia
18,Lamivudina 150mg,,"Fondo Mundial: Licitacion Internacional con productores genericos
Estado Boliviano: Fondo Estrategico OMS",Ministerio de Salud,HETERO,05/12/2017,," 1.108,91 ",USD,Bolivia
52,Lamivudina 150mg,,"Fondo Mundial: Licitacion Internacional con productores genericos
Estado Boliviano: Fondo Estrategico OMS",Ministerio de Salud,HETERO,25/01/2018,," 1.012,79 ",USD,Bolivia
53,Lamivudina 150mg,,"Fondo Mundial: Licitacion Internacional con productores genericos
Estado Boliviano: Fondo Estrategico OMS",Ministerio de Salud,MYLAN,18/07/2018,," 1.735,92 ",USD,Bolivia
54,Lamivudina 150mg,,"Fondo Mundial: Licitacion Internacional con productores genericos
Estado Boliviano: Fondo Estrategico OMS",Ministerio de Salud,MYLAN,01/11/2018,," 18.647,76 ",USD,Bolivia
40,Abacavir 120 Mg + Lamivudina 60 Mg,,"Fondo Mundial: Licitacion Internacional con productores genericos
Estado Boliviano: Fondo Estrategico OMS",Ministerio de Salud,MYLAN,01/11/2018,," 4.752,68 ",USD,Bolivia
1,Abacavir 300mg,,"Fondo Mundial: Licitacion Internacional con productores genericos
Estado Boliviano: Fondo Estrategico OMS",Ministerio de Salud,CIPLA,15/12/2017,," 3.391,61 ",USD,Bolivia
2,Abacavir 300mg,,"Fondo Mundial: Licitacion Internacional con productores genericos
Estado Boliviano: Fondo Estrategico OMS",Ministerio de Salud,MYLAN,19/06/2017,," 350,01 ",USD,Bolivia
41,Abacavir 300mg,,"Fondo Mundial: Licitacion Internacional con productores genericos
Estado Boliviano: Fondo Estrategico OMS",Ministerio de Salud,MYLAN,18/07/2018,," 326,66 ",USD,Bolivia
42,Abacavir 300mg,,"Fondo Mundial: Licitacion Internacional con productores genericos
Estado Boliviano: Fondo Estrategico OMS",Ministerio de Salud,MYLAN,01/11/2018,," 6.567,87 ",USD,Bolivia
3,Atazanavir (sulfato) 300 mg,,"Fondo Mundial: Licitacion Internacional con productores genericos
Estado Boliviano: Fondo Estrategico OMS",Ministerio de Salud,MYLAN,22/03/2017,," 841,91 ",USD,Bolivia
4,Atazanavir (sulfato) 300 mg,,"Fondo Mundial: Licitacion Internacional con productores genericos
Estado Boliviano: Fondo Estrategico OMS",Ministerio de Salud,MYLAN,28/11/2017,," 526,19 ",USD,Bolivia
43,Atazanavir (sulfato) 300 mg,,"Fondo Mundial: Licitacion Internacional con productores genericos
Estado Boliviano: Fondo Estrategico OMS",Ministerio de Salud,MYLAN,09/11/2018,," 2.586,03 ",USD,Bolivia
5,Atazanavir + Ritonavir 300mg + 100mg,,"Fondo Mundial: Licitacion Internacional con productores genericos
Estado Boliviano: Fondo Estrategico OMS",Ministerio de Salud,MYLAN,05/12/2017,," 4.675,83 ",USD,Bolivia
6,Atazanavir + Ritonavir 300mg + 100mg,,"Fondo Mundial: Licitacion Internacional con productores genericos
Estado Boliviano: Fondo Estrategico OMS",Ministerio de Salud,MYLAN,13/12/2017,," 170.877,57 ",USD,Bolivia
44,Atazanavir + Ritonavir 300mg + 100mg,,"Fondo Mundial: Licitacion Internacional con productores genericos
Estado Boliviano: Fondo Estrategico OMS",Ministerio de Salud,MYLAN,18/07/2018,," 12.106,37 ",USD,Bolivia
45,Atazanavir + Ritonavir 300mg + 100mg,,"Fondo Mundial: Licitacion Internacional con productores genericos
Estado Boliviano: Fondo Estrategico OMS",Ministerio de Salud,MYLAN,09/11/2018,," 123.997,47 ",USD,Bolivia
37,Zidovudina 10mg/ml solucion oral,,"Fondo Mundial: Licitacion Internacional con productores genericos
Estado Boliviano: Fondo Estrategico OMS",Ministerio de Salud,AUROBINDO,21/07/2017,," 1.406,69 ",USD,Bolivia
38,Zidovudina 10mg/ml solucion oral,,"Fondo Mundial: Licitacion Internacional con productores genericos
Estado Boliviano: Fondo Estrategico OMS",Ministerio de Salud,CIPLA,13/11/2017,," 40.950,18 ",USD,Bolivia
39,Zidovudina 10mg/ml solucion oral,,"Fondo Mundial: Licitacion Internacional con productores genericos
Estado Boliviano: Fondo Estrategico OMS",Ministerio de Salud,HETERO,05/12/2017,," 430,09 ",USD,Bolivia
77,Zidovudina 10mg/ml solucion oral,,"Fondo Mundial: Licitacion Internacional con productores genericos
Estado Boliviano: Fondo Estrategico OMS",Ministerio de Salud,AUROBINDO,08/10/2018,," 31.155,19 ",USD,Bolivia
78,Zidovudina 10mg/ml solucion oral,,"Fondo Mundial: Licitacion Internacional con productores genericos
Estado Boliviano: Fondo Estrategico OMS",Ministerio de Salud,HETERO,25/01/2018,," 6.451,35 ",USD,Bolivia
90,Zidovudina 10mg/ml solucion oral,,"Fondo Mundial: Licitacion Internacional con productores genericos
Estado Boliviano: Fondo Estrategico OMS",Ministerio de Salud,CIPLA,04/12/2019,," 3.115,07 ",USD,Bolivia
36,Zidovudina + Lamivudina 300 mg +150 mg,,"Fondo Mundial: Licitacion Internacional con productores genericos
Estado Boliviano: Fondo Estrategico OMS",Ministerio de Salud,MYLAN,28/11/2017,," 64.758,32 ",USD,Bolivia
76,Zidovudina + Lamivudina 300 mg +150 mg,,"Fondo Mundial: Licitacion Internacional con productores genericos
Estado Boliviano: Fondo Estrategico OMS",Ministerio de Salud,STRIDES,08/10/2018,," 40.932,85 ",USD,Bolivia
89,Zidovudina + Lamivudina 300 mg +150 mg,,"Fondo Mundial: Licitacion Internacional con productores genericos
Estado Boliviano: Fondo Estrategico OMS",Ministerio de Salud,STRIDES,04/12/2019,," 57.521,85 ",USD,Bolivia
7,Darunavir 600mg,,Donacion,Ministerio de Salud,AID FOR AIDS,08/02/2017,," 115,77 ",USD,Bolivia
8,Darunavir 600mg,,Donacion,Ministerio de Salud,AID FOR AIDS,05/04/2017,," 93,08 ",USD,Bolivia
9,Darunavir 600mg,,Donacion,Ministerio de Salud,AID FOR AIDS,07/06/2017,," 1.389,29 ",USD,Bolivia
10,Darunavir 600mg,,"Fondo Mundial: Licitacion Internacional con productores genericos
Estado Boliviano: Fondo Estrategico OMS",Ministerio de Salud,HETERO,22/03/2017,," 1.856,79 ",USD,Bolivia
46,Darunavir 600mg,,Donacion,Ministerio de Salud,AID FOR AIDS,23/10/2018,," 208,39 ",USD,Bolivia
47,Darunavir 600mg,,"Fondo Mundial: Licitacion Internacional con productores genericos
Estado Boliviano: Fondo Estrategico OMS",Ministerio de Salud,HETERO,09/11/2018,," 5.951,72 ",USD,Bolivia
48,Dolutegravir 50Mg,,"Fondo Mundial: Licitacion Internacional con productores genericos
Estado Boliviano: Fondo Estrategico OMS",Ministerio de Salud,AUROBINDO,01/11/2018,," 4.230,74 ",USD,Bolivia
11,Efavirenz 200mg,,"Fondo Mundial: Licitacion Internacional con productores genericos
Estado Boliviano: Fondo Estrategico OMS",Ministerio de Salud,MYLAN,22/03/2017,," 204,92 ",USD,Bolivia
12,Efavirenz 200mg,,"Fondo Mundial: Licitacion Internacional con productores genericos
Estado Boliviano: Fondo Estrategico OMS",Ministerio de Salud,MYLAN,19/06/2017,," 138,58 ",USD,Bolivia
49,Efavirenz 200mg,,"Fondo Mundial: Licitacion Internacional con productores genericos
Estado Boliviano: Fondo Estrategico OMS",Ministerio de Salud,AUROBINDO,29/01/2018,," 295,92 ",USD,Bolivia
50,Efavirenz 200mg,,"Fondo Mundial: Licitacion Internacional con productores genericos
Estado Boliviano: Fondo Estrategico OMS",Ministerio de Salud,STRIDES,08/10/2018,," 26.686,11 ",USD,Bolivia
79,Efavirenz 200mg,,"Fondo Mundial: Licitacion Internacional con productores genericos
Estado Boliviano: Fondo Estrategico OMS",Ministerio de Salud,STRIDES,04/12/2019,," 20.344,43 ",USD,Bolivia
13,Efavirenz 600mg,,"Fondo Mundial: Licitacion Internacional con productores genericos
Estado Boliviano: Fondo Estrategico OMS",Ministerio de Salud,STRIDES,08/11/2017,," 5.646,16 ",USD,Bolivia
19,Lopinavir + Ritonavir 200mg+50mg,,"Fondo Mundial: Licitacion Internacional con productores genericos
Estado Boliviano: Fondo Estrategico OMS",Ministerio de Salud,HETERO,22/03/2017,," 5.547,44 ",USD,Bolivia
20,Lopinavir + Ritonavir 200mg+50mg,,"Fondo Mundial: Licitacion Internacional con productores genericos
Estado Boliviano: Fondo Estrategico OMS",Ministerio de Salud,HETERO,05/12/2017,," 10.239,07 ",USD,Bolivia
21,Lopinavir + Ritonavir 200mg+50mg,,"Fondo Mundial: Licitacion Internacional con productores genericos
Estado Boliviano: Fondo Estrategico OMS",Ministerio de Salud,MYLAN,19/06/2017,," 6.436,58 ",USD,Bolivia
22,Lopinavir + Ritonavir 200mg+50mg,,"Fondo Mundial: Licitacion Internacional con productores genericos
Estado Boliviano: Fondo Estrategico OMS",Ministerio de Salud,MYLAN,13/12/2017,," 26.910,56 ",USD,Bolivia
55,Lopinavir + Ritonavir 200mg+50mg,,"Fondo Mundial: Licitacion Internacional con productores genericos
Estado Boliviano: Fondo Estrategico OMS",Ministerio de Salud,MYLAN,18/07/2018,," 17.734,30 ",USD,Bolivia
56,Lopinavir + Ritonavir 200mg+50mg,,"Fondo Mundial: Licitacion Internacional con productores genericos
Estado Boliviano: Fondo Estrategico OMS",Ministerio de Salud,MYLAN,09/11/2018,," 70.775,69 ",USD,Bolivia
57,Lopinavir + Ritonavir 80mg+20mg/ml,,"Fondo Mundial: Licitacion Internacional con productores genericos
Estado Boliviano: Fondo Estrategico OMS",Ministerio de Salud,ABBVIE,26/01/2018,," 26.249,65 ",USD,Bolivia
58,Lopinavir + Ritonavir 80mg+20mg/ml,,"Fondo Mundial: Licitacion Internacional con productores genericos
Estado Boliviano: Fondo Estrategico OMS",Ministerio de Salud,ABBVIE,19/12/2018,," 43.279,10 ",USD,Bolivia
23,Nevirapina 10mg/ml solucion oral,,"Fondo Mundial: Licitacion Internacional con productores genericos
Estado Boliviano: Fondo Estrategico OMS",Ministerio de Salud,AUROBINDO,13/12/2017,," 132,07 ",USD,Bolivia
59,Nevirapina 10mg/ml solucion oral,,"Fondo Mundial: Licitacion Internacional con productores genericos
Estado Boliviano: Fondo Estrategico OMS",Ministerio de Salud,AUROBINDO,29/01/2018,," 1.300,38 ",USD,Bolivia
60,Nevirapina 10mg/ml solucion oral,,"Fondo Mundial: Licitacion Internacional con productores genericos
Estado Boliviano: Fondo Estrategico OMS",Ministerio de Salud,AUROBINDO,01/11/2018,," 12.999,86 ",USD,Bolivia
81,Nevirapina 10mg/ml solucion oral,,"Fondo Mundial: Licitacion Internacional con productores genericos
Estado Boliviano: Fondo Estrategico OMS",Ministerio de Salud,AUROBINDO,17/05/2019,," 4.739,65 ",USD,Bolivia
82,Nevirapina 10mg/ml solucion oral,,"Fondo Mundial: Licitacion Internacional con productores genericos
Estado Boliviano: Fondo Estrategico OMS",Ministerio de Salud,CIPLA,04/12/2019,," 10.358,99 ",USD,Bolivia
24,Nevirapina 200mg,,"Fondo Mundial: Licitacion Internacional con productores genericos
Estado Boliviano: Fondo Estrategico OMS",Ministerio de Salud,HETERO,13/11/2017,," 3.374,24 ",USD,Bolivia
61,Nevirapina 200mg,,"Fondo Mundial: Licitacion Internacional con productores genericos
Estado Boliviano: Fondo Estrategico OMS",Ministerio de Salud,HETERO,10/08/2018,," 951,84 ",USD,Bolivia
62,Nevirapina 200mg,,"Fondo Mundial: Licitacion Internacional con productores genericos
Estado Boliviano: Fondo Estrategico OMS",Ministerio de Salud,MYLAN,01/11/2018,," 9.850,77 ",USD,Bolivia
83,Nevirapina 200mg,,"Fondo Mundial: Licitacion Internacional con productores genericos
Estado Boliviano: Fondo Estrategico OMS",Ministerio de Salud,MYLAN,04/12/2019,," 6.223,59 ",USD,Bolivia
25,Raltegravir (potasico) 400mg,,Donacion,Ministerio de Salud,AID FOR AIDS,08/02/2017,," 115,77 ",USD,Bolivia
26,Raltegravir (potasico) 400mg,,Donacion,Ministerio de Salud,AID FOR AIDS,05/04/2017,," 179,22 ",USD,Bolivia
27,Raltegravir (potasico) 400mg,,Donacion,Ministerio de Salud,AID FOR AIDS,07/06/2017,," 2.699,40 ",USD,Bolivia
28,Raltegravir (potasico) 400mg,,Donacion,Ministerio de Salud,AID FOR AIDS,28/09/2017,," 44,99 ",USD,Bolivia
29,Raltegravir (potasico) 400mg,,Donacion,Ministerio de Salud,AID FOR AIDS,28/11/2017,," 1.349,70 ",USD,Bolivia
63,Raltegravir (potasico) 400mg,,Donacion,Ministerio de Salud,AID FOR AIDS,29/01/2018,," 1.349,70 ",USD,Bolivia
64,Raltegravir (potasico) 400mg,,Donacion,Ministerio de Salud,AID FOR AIDS,26/03/2018,," 1.349,70 ",USD,Bolivia
65,Raltegravir (potasico) 400mg,,Donacion,Ministerio de Salud,AID FOR AIDS,24/04/2018,," 281,19 ",USD,Bolivia
66,Raltegravir (potasico) 400mg,,Donacion,Ministerio de Salud,AID FOR AIDS,25/06/2018,," 137,54 ",USD,Bolivia
67,Raltegravir (potasico) 400mg,,Donacion,Ministerio de Salud,AID FOR AIDS,09/08/2018,," 183,39 ",USD,Bolivia
68,Raltegravir (potasico) 400mg,,Donacion,Ministerio de Salud,AID FOR AIDS,23/10/2018,," 179,96 ",USD,Bolivia
69,Raltegravir (potasico) 400mg,,"Fondo Mundial: Licitacion Internacional con productores genericos
Estado Boliviano: Fondo Estrategico OMS",Ministerio de Salud,MERK SHARP- DOHME,21/11/2018,," 24.040,29 ",USD,Bolivia
30,Ritonavir 100mg,,"Fondo Mundial: Licitacion Internacional con productores genericos
Estado Boliviano: Fondo Estrategico OMS",Ministerio de Salud,MYLAN,19/06/2017,," 94,56 ",USD,Bolivia
31,Ritonavir 100mg,,"Fondo Mundial: Licitacion Internacional con productores genericos
Estado Boliviano: Fondo Estrategico OMS",Ministerio de Salud,MYLAN,13/12/2017,," 542,95 ",USD,Bolivia
70,Ritonavir 100mg,,"Fondo Mundial: Licitacion Internacional con productores genericos
Estado Boliviano: Fondo Estrategico OMS",Ministerio de Salud,MYLAN,18/07/2018,," 174,79 ",USD,Bolivia
71,Ritonavir 100mg,,"Fondo Mundial: Licitacion Internacional con productores genericos
Estado Boliviano: Fondo Estrategico OMS",Ministerio de Salud,MYLAN,01/11/2018,," 1.173,08 ",USD,Bolivia
84,Ritonavir 100mg,,"Fondo Mundial: Licitacion Internacional con productores genericos
Estado Boliviano: Fondo Estrategico OMS",Ministerio de Salud,MYLAN,04/12/2019,," 492,33 ",USD,Bolivia
35,Tenofovir disoproxilo 245 mg (Equiv. a 300  mg como fumarato),,"Fondo Mundial: Licitacion Internacional con productores genericos
Estado Boliviano: Fondo Estrategico OMS",Ministerio de Salud,CIPLA,20/10/2017,," 27.895,57 ",USD,Bolivia
73,Tenofovir disoproxilo 245 mg (Equiv. a 300  mg como fumarato),,"Fondo Mundial: Licitacion Internacional con productores genericos
Estado Boliviano: Fondo Estrategico OMS",Ministerio de Salud,CIPLA,08/10/2018,," 123.710,80 ",USD,Bolivia
74,Tenofovir disoproxilo 245 mg (Equiv. a 300  mg como fumarato),,"Fondo Mundial: Licitacion Internacional con productores genericos
Estado Boliviano: Fondo Estrategico OMS",Ministerio de Salud,MYLAN,18/07/2018,," 8.787,26 ",USD,Bolivia
85,Tenofovir disoproxilo + Dolutegravir + Lamivudina 300 mg + 50 mg + 300 mg,,"Fondo Mundial: Licitacion Internacional con productores genericos
Estado Boliviano: Fondo Estrategico OMS",Ministerio de Salud,MYLAN,10/01/2019,, 559.561 ,USD,Bolivia
32,Tenofovir disoproxilo + Efavirenz + Lamivudina 300 mg + 600 mg + 300 mg ,,"Fondo Mundial: Licitacion Internacional con productores genericos
Estado Boliviano: Fondo Estrategico OMS",Ministerio de Salud,AUROBINDO,18/07/2017,," 52.163,53 ",USD,Bolivia
33,Tenofovir disoproxilo + Efavirenz + Lamivudina 300 mg + 600 mg + 300 mg ,,"Fondo Mundial: Licitacion Internacional con productores genericos
Estado Boliviano: Fondo Estrategico OMS",Ministerio de Salud,MYLAN,28/11/2017,," 22.906,71 ",USD,Bolivia
34,Tenofovir disoproxilo + Efavirenz + Lamivudina 300 mg + 600 mg + 300 mg ,,"Fondo Mundial: Licitacion Internacional con productores genericos
Estado Boliviano: Fondo Estrategico OMS",Ministerio de Salud,MYLAN,13/12/2017,, 552.339 ,USD,Bolivia
72,Tenofovir disoproxilo + Efavirenz + Lamivudina 300 mg + 600 mg + 300 mg ,,"Fondo Mundial: Licitacion Internacional con productores genericos
Estado Boliviano: Fondo Estrategico OMS",Ministerio de Salud,MYLAN,25/10/2018,," 26.222,87 ",USD,Bolivia
86,Tenofovir disoproxilo + Efavirenz + Lamivudina 300 mg + 600 mg + 300 mg ,,"Fondo Mundial: Licitacion Internacional con productores genericos
Estado Boliviano: Fondo Estrategico OMS",Ministerio de Salud,MACLEODS,10/01/2019,," 10.495,22 ",USD,Bolivia
87,Tenofovir disoproxilo + Efavirenz + Lamivudina 300 mg + 600 mg + 300 mg ,,"Fondo Mundial: Licitacion Internacional con productores genericos
Estado Boliviano: Fondo Estrategico OMS",Ministerio de Salud,MYLAN,04/12/2019,," 47.734,73 ",USD,Bolivia
75,Tenofovir Disoproxilo 300 mg + Efavirenz 400 mg + Lamivudina 300 mg,,"Fondo Mundial: Licitacion Internacional con productores genericos
Estado Boliviano: Fondo Estrategico OMS",Ministerio de Salud,MYLAN,09/11/2018,," 169.894,65 ",USD,Bolivia
88,Tenofovir Disoproxilo 300 mg + Efavirenz 400 mg + Lamivudina 300 mg,,"Fondo Mundial: Licitacion Internacional con productores genericos
Estado Boliviano: Fondo Estrategico OMS",Ministerio de Salud,MYLAN,10/01/2019,," 521.220,74 ",USD,Bolivia
